{
  "n": 505,
  "n_features": 121,
  "classes": [
    "crisis",
    "neither",
    "recovery"
  ],
  "class_counts": {
    "crisis": 68,
    "neither": 383,
    "recovery": 54
  },
  "seeds": [
    1,
    2,
    3,
    4,
    5
  ],
  "gpu_enabled": true,
  "optuna_params": {
    "iterations": 300,
    "depth": 7,
    "learning_rate": 0.162905971477906,
    "l2_leaf_reg": 6.856219965908802,
    "bagging_temperature": 0.6114713932534441,
    "border_count": 70
  },
  "cat-alone": {
    "aucs": [
      0.7166046852910486,
      0.7265036375993713,
      0.7052927098850746,
      0.7333527195632895,
      0.7115551386163309
    ],
    "mean": 0.718661778191023,
    "std": 0.011300292717408813,
    "min": 0.7052927098850746,
    "max": 0.7333527195632895
  },
  "tfidf-alone": {
    "aucs": [
      0.6512532092425235,
      0.6410231728521089,
      0.6558602963034318,
      0.6439376904427717,
      0.6556427437271152
    ],
    "mean": 0.6495434225135902,
    "std": 0.006783193767406982,
    "min": 0.6410231728521089,
    "max": 0.6558602963034318
  },
  "rf-alone": {
    "aucs": [
      0.7080586469776714,
      0.7035217713871399,
      0.7019521871192246,
      0.7255296042463906,
      0.7019282453064214
    ],
    "mean": 0.7081980910073696,
    "std": 0.010007385291323187,
    "min": 0.7019282453064214,
    "max": 0.7255296042463906
  },
  "stack cat+tfidf (baseline)": {
    "aucs": [
      0.7358704327767169,
      0.7173345657891556,
      0.7421395786920478,
      0.7360703904000037,
      0.7206534656080595
    ],
    "mean": 0.7304136866531967,
    "std": 0.010788839569998017,
    "min": 0.7173345657891556,
    "max": 0.7421395786920478
  },
  "stack cat+tfidf  (meta C=0.3)": {
    "aucs": [
      0.7361834046063945,
      0.7210408511680306,
      0.7411370334601807,
      0.7369204215087445,
      0.7160916479865836
    ],
    "mean": 0.7302746717459867,
    "std": 0.010994221452205268,
    "min": 0.7160916479865836,
    "max": 0.7411370334601807
  },
  "stack cat+tfidf  (meta C=3.0)": {
    "aucs": [
      0.7331924000718253,
      0.7120499577932763,
      0.7377888863115021,
      0.7323865343268895,
      0.7194756016775208
    ],
    "mean": 0.7269786760362027,
    "std": 0.010768921685663402,
    "min": 0.7120499577932763,
    "max": 0.7377888863115021
  },
  "stack cat+tfidf  (meta LRCV)": {
    "aucs": [
      0.7314136905544398,
      0.7118799752996067,
      0.7328814316077931,
      0.7258239260157106,
      0.7163556311438036
    ],
    "mean": 0.7236709309242707,
    "std": 0.009246070554787109,
    "min": 0.7118799752996067,
    "max": 0.7328814316077931
  },
  "stack cat+rf": {
    "aucs": [
      0.7229986750068806,
      0.7108377398775598,
      0.7087122846246469,
      0.7177905426998429,
      0.6812319238149088
    ],
    "mean": 0.7083142332047678,
    "std": 0.01616641028053713,
    "min": 0.6812319238149088,
    "max": 0.7229986750068806
  },
  "stack tfidf+rf": {
    "aucs": [
      0.7598193309992544,
      0.7253562369104642,
      0.7440793062299768,
      0.7596824718681745,
      0.7348641023262371
    ],
    "mean": 0.7447602896668214,
    "std": 0.015201659228477271,
    "min": 0.7253562369104642,
    "max": 0.7598193309992544
  },
  "stack cat+tfidf+rf": {
    "aucs": [
      0.7556073361111872,
      0.7291855585697148,
      0.7447714818443999,
      0.754016196913767,
      0.7269794292947326
    ],
    "mean": 0.7421120005467603,
    "std": 0.013481417106491964,
    "min": 0.7269794292947326,
    "max": 0.7556073361111872
  },
  "stack cat+tfidf+rf (LRCV)": {
    "aucs": [
      0.7577774117758178,
      0.728987418424906,
      0.7361723655201903,
      0.7512319875737501,
      0.7261133313636229
    ],
    "mean": 0.7400565029316575,
    "std": 0.013882950477772195,
    "min": 0.7261133313636229,
    "max": 0.7577774117758178
  }
}