{
  "n": 505,
  "n_features": 121,
  "classes": [
    "crisis",
    "neither",
    "recovery"
  ],
  "class_counts": {
    "crisis": 68,
    "neither": 383,
    "recovery": 54
  },
  "seeds": [
    1,
    2,
    3,
    4,
    5
  ],
  "gpu_enabled": true,
  "v1_params": {
    "iterations": 300,
    "depth": 6,
    "learning_rate": 0.1
  },
  "optuna_params": {
    "iterations": 300,
    "depth": 7,
    "learning_rate": 0.162905971477906,
    "l2_leaf_reg": 6.856219965908802,
    "bagging_temperature": 0.6114713932534441,
    "border_count": 70
  },
  "v1_catboost": {
    "aucs": [
      0.7307393842873663,
      0.71282941986965,
      0.7093946745594598,
      0.7249443268270257,
      0.7090098515215991
    ],
    "mean": 0.7173835314130201,
    "std": 0.009877053128258342,
    "min": 0.7090098515215991,
    "max": 0.7307393842873663,
    "elapsed_sec": 46.1
  },
  "optuna_catboost": {
    "aucs": [
      0.7166046852910486,
      0.7265036375993713,
      0.7052927098850746,
      0.7333527195632895,
      0.7115551386163309
    ],
    "mean": 0.718661778191023,
    "std": 0.011300292717408813,
    "min": 0.7052927098850746,
    "max": 0.7333527195632895,
    "elapsed_sec": 54.7
  },
  "stack_cat_tfidf": {
    "aucs": [
      0.7358704327767169,
      0.7173345657891556,
      0.7421395786920478,
      0.7360703904000037,
      0.7206534656080595
    ],
    "mean": 0.7304136866531967,
    "std": 0.010788839569998017,
    "min": 0.7173345657891556,
    "max": 0.7421395786920478,
    "elapsed_sec": 210.4
  },
  "stack_cat_tfidf_emb": {
    "aucs": [
      0.7217433941641849,
      0.7048098020088167,
      0.7186925654157221,
      0.7181286125860993,
      0.7049921238794482
    ],
    "mean": 0.7136732996108542,
    "std": 0.008125479537354669,
    "min": 0.7048098020088167,
    "max": 0.7217433941641849,
    "elapsed_sec": 211.6
  }
}