{
  "n_users": 122,
  "mean_active_weeks": 35.51639344262295,
  "users_with_cp": 73,
  "mean_cps_per_user": 1.0081967213114753,
  "hit_rate_with_cp": {
    "1w": 0.1095890410958904,
    "2w": 0.2191780821917808,
    "4w": 0.3835616438356164
  },
  "hit_rate_all": {
    "1w": 0.06557377049180328,
    "2w": 0.13114754098360656,
    "4w": 0.22950819672131148
  },
  "random_null": {
    "1w": 0.056312024001846296,
    "2w": 0.11262404800369259,
    "4w": 0.22524809600738518
  },
  "pelt_model": "l2",
  "pelt_penalty": 1.5,
  "min_weeks": 6
}