{
  "n_users": 131,
  "mean_active_weeks": 34.98473282442748,
  "users_with_cp": 77,
  "mean_cps_per_user": 0.9847328244274809,
  "hit_rate_with_cp": {
    "1w": 0.12987012987012986,
    "2w": 0.2597402597402597,
    "4w": 0.4155844155844156
  },
  "hit_rate_all": {
    "1w": 0.07633587786259542,
    "2w": 0.15267175572519084,
    "4w": 0.24427480916030533
  },
  "random_null": {
    "1w": 0.05716779402138337,
    "2w": 0.11433558804276674,
    "4w": 0.22867117608553347
  },
  "pelt_model": "l2",
  "pelt_penalty": 1.5,
  "min_weeks": 6
}