{
  "n_users": 505,
  "max_weeks": 40,
  "hidden_dim": 64,
  "epochs": 40,
  "results": {
    "fold_aucs": [
      0.5967403286368804,
      0.7510064010064011,
      0.5877594627594628,
      0.4710189178973208,
      0.7259717650098775
    ],
    "macro_auc": 0.646332335802348,
    "macro_f1": 0.36813833791820266,
    "per_class_auc": {
      "crisis": 0.6633799973078476,
      "recovery": 0.5890613451589062,
      "neither": 0.6865556649402902
    },
    "per_class_f1": {
      "crisis": 0.2857142857142857,
      "recovery": 0.11510791366906475,
      "neither": 0.7035928143712575
    },
    "per_class_precision": {
      "crisis": 0.21481481481481482,
      "recovery": 0.09411764705882353,
      "neither": 0.8245614035087719
    },
    "per_class_recall": {
      "crisis": 0.4264705882352941,
      "recovery": 0.14814814814814814,
      "neither": 0.6135770234986945
    }
  }
}